vid,vendor,product,cctl,certification_date,status,conformance_claims,assurance_maintenance_date,maintenance_update,scheme,product_url
11603,"Cisco Systems, Inc.",Cisco Catalyst Industrial Ethernet 9300 Rugged Series Switches running IOS-XE 17.15,Gossamer Security Solutions,10/03/2025,Certified,PKG_SSH_V1.0 MOD_MACSEC_V1.0 CPP_ND_V3.0E,10/03/2027,,,
11591,Forescout Technologies Inc.,Forescout eyeSight v9.1,Booz Allen Hamilton Common Criteria Testing Laboratory,10/01/2025,Certified,PKG_SSH_V1.0 CPP_ND_V3.0E,10/01/2027,,,
11619,IOGEAR,IOGEAR Universal Secure KVM Switch Series (CAC Models),Leidos Common Criteria Testing Laboratory,09/30/2025,Certified,PP_PSD_V4.0 MOD_AO_V1.0 MOD_UA_V1.0 MOD_KM_V1.0 MOD_VI_V1.0,09/30/2030,,,
11620,IOGEAR,IOGEAR Universal Secure KVM Switch Series (Non-CAC Models),Leidos Common Criteria Testing Laboratory,09/30/2025,Certified,PP_PSD_V4.0 MOD_AO_V1.0 MOD_KM_V1.0 MOD_VI_V1.0,09/30/2030,,,
11618,"ATEN International Co., Ltd.",ATEN Universal Secure KVM Switch Series (Non-CAC Models),Leidos Common Criteria Testing Laboratory,09/30/2025,Certified,PP_PSD_V4.0 MOD_AO_V1.0 MOD_KM_V1.0 MOD_VI_V1.0,09/30/2030,,,
11617,"ATEN International Co., Ltd.",ATEN Universal Secure KVM Switch Series (CAC Models),Leidos Common Criteria Testing Laboratory,09/30/2025,Certified,PP_PSD_V4.0 MOD_AO_V1.0 MOD_UA_V1.0 MOD_KM_V1.0 MOD_VI_V1.0,09/30/2030,,,
11642,"Cisco Systems, Inc.","Cisco Aggregation Services Router 1000 Series (ASR1K), Cisco Catalyst 8200, 8300, 8500 Series Edge Routers (Cat8K) running IOS-XE version 17.15","Lightship Security USA, Inc.",09/29/2025,Certified,PKG_SSH_V1.0 MOD_MACSEC_V1.0 MOD_VPNGW_v1.3 CPP_ND_V3.0E,09/29/2027,,,
11615,Nokia Corporation,"Nokia 7750 SR & 7250 IXR, SROS 24.10.R3, MACsec platforms",Acumen Security,09/09/2025,Certified,PKG_SSH_V1.0 MOD_MACSEC_V1.0 CPP_ND_V3.0E,09/09/2027,,,
11638,Cigent,Cigent PBA Software v2.0,Gossamer Security Solutions,09/05/2025,Certified,CPP_FDE_AA_V2.0E,09/05/2027,,,
11531,IBM Corporation,IBM MaaS360 Cloud Extender version 3.000.800,atsec information security corporation,09/02/2025,Certified,PKG_TLS_V1.1 PP_APP_v1.4,09/02/2027,,,
11637,"Cisco Systems, Inc.",Cisco Catalyst 8500 Series Edge Routers (Cat8500) running IOS-XE 17.15,"Lightship Security USA, Inc.",08/29/2025,Certified,PKG_SSH_V1.0 MOD_MACSEC_V1.0 MOD_VPNGW_v1.3 CPP_ND_V3.0E,08/29/2027,,,
11572,"Fortinet, Inc.",Fortinet FortiSwitch v7.6,Leidos Common Criteria Testing Laboratory,08/19/2025,Certified,PKG_SSH_V1.0 CPP_ND_V3.0E,08/19/2027,,,
11621,Ampex Data Systems Corporation,Ampex Software Full Drive Encryption,Gossamer Security Solutions,08/18/2025,Certified,CPP_FDE_AA_V2.0E CPP_FDE_EE_V2.0E,08/18/2027,,,
11580,"Cisco Systems, Inc.",Cisco Catalyst 9200/9200L Series Switches 17.15,Gossamer Security Solutions,08/07/2025,Certified,PKG_SSH_V1.0 MOD_MACSEC_V1.0 CPP_ND_V3.0E,08/07/2027,,,
11581,"Cisco Systems, Inc.",Cisco Catalyst 9300/9300L/9300LM/9400/9500/9600 Series Switches 17.15,Gossamer Security Solutions,08/07/2025,Certified,PKG_SSH_V1.0 MOD_MACSEC_V1.0 CPP_ND_V3.0E,08/07/2027,,,
11586,"Cisco Systems, Inc.",Cisco Catalyst 9200CX/9500X/9600X Series Switches 17.15,Gossamer Security Solutions,08/05/2025,Certified,PKG_SSH_V1.0 CPP_ND_V3.0E,08/05/2027,,,
11578,"Tenable, Inc",Tenable Nessus Agent 11.0,Leidos Common Criteria Testing Laboratory,08/01/2025,Certified,PKG_TLS_V1.1 PP_APP_v1.4,08/01/2027,,,
11582,"Cisco Systems, Inc.",Cisco Embedded Services Router (ESR) 6300 v17.15,Gossamer Security Solutions,07/18/2025,Certified,PKG_SSH_V1.0 MOD_VPNGW_v1.3 CPP_ND_V3.0E,07/18/2027,,,
11593,"Samsung Electronics Co., Ltd.","Samsung Electronics Co., Ltd. Samsung Galaxy Devices on Android 15 – Spring",Gossamer Security Solutions,07/09/2025,Certified,MOD_BT_V1.0 PKG_TLS_V1.1 MOD_WLANC_v1.0 MOD_VPNC_V2.4 PP_MDF_V3.3 MOD_CPP_BIO_V1.1,07/09/2027,,,
11522,Berryville Holdings LLC,"Berryville Holdings, LLC Warden v1.2",Gossamer Security Solutions,07/07/2025,Certified,CPP_ND_V2.2E MOD_CPP_FW_v1.4e MOD_IPS_V1.0 MOD_VPNGW_v1.3,12/14/2026,,,
,Endace Measurement Systems Ltd,"EndaceProbe EP-92C8-G4, EP-94C8-G5, EP-2184-G5 and EP-2144-G5 with Endace OSm v7.2",Teron Labs,07/01/2025,Certified,CPP_ND_V2.2E,12/14/2026,,,
11564,"Ivanti, Inc.",Ivanti Connect Secure 22.7R2,Acumen Security,06/27/2025,Certified,CPP_ND_V3.0E,06/27/2027,,,
11565,"Ivanti, Inc.",Ivanti Policy Secure 22.7R1,Acumen Security,06/27/2025,Certified,CPP_ND_V3.0E,06/27/2027,,,
,"Lexmark International, Inc.","Lexmark MS622, MS822, MS826, CS730, CS735, CS943, MS632, CS632, and CS963 Single-Function Printers, Firmware version 240.204CC",Lightship Security,06/26/2025,Certified,CPP_HCD_V1.0E,06/26/2027,,,
11576,Evertz Microsystems,MMA10G-IPX Series v3.5,Acumen Security,06/25/2025,Certified,CPP_ND_V3.0E,06/25/2027,,,
,"Lexmark International, Inc.","Lexmark MX432, MX421, MX521, MX622, MX721, MX722, MX725, MX931, CX730, CX735, CX930, CX931, CX942, CX943, CX944, CX532, CX635, MX532, MX632, MX953, CX950, CX951, CX961, CX962, CX963, and CX833 Multi-Function Printers with Fax and without Hard Drive, Firmware version 240.204CC",Lightship Security,06/24/2025,Certified,CPP_HCD_V1.0E,06/25/2027,,,
,"Lexmark International, Inc.","Lexmark MX521, MX931, MX953, CX730, CX930, CX931, CX950, CX951, CX961, CX962, CX963, and CX833 Multi-Function Printers without Fax or Hard Drive, Firmware version 240.204CC",Lightship Security,06/20/2025,Certified,CPP_HCD_V1.0E,07/25/2027,,,
11614,Illumio,Illumio Core v24.2.20,DEKRA Cybersecurity Certification Laboratory,06/20/2025,Certified,PP_ESM_PM_V2.1,06/20/2027,,,
11594,"Samsung Electronics Co., Ltd.","Samsung Electronics Co., Ltd. Samsung Knox File Encryption 1.7.0 – Spring",Gossamer Security Solutions,06/19/2025,Certified,MOD_FE_V1.0 PP_APP_v1.4,06/19/2027,,,
,"Lexmark International, Inc.","Lexmark MX931, MX953, CX730, CX930, CX950, CX951, CX931, CX961, CX962, CX963, and CX833 Multi-Function Printers with Hard Drive and without Fax, Firmware version 240.204CC",Lightship Security,06/12/2025,Certified,CPP_HCD_V1.0E,06/12/2027,,,
11577,Motorola Mobility LLC,Motorola Mobility LLC Mobile Devices on Android 14,Gossamer Security Solutions,06/06/2025,Certified,MOD_BT_V1.0 PKG_TLS_V1.1 MOD_WLANC_v1.0 PP_MDF_V3.3 MOD_CPP_BIO_V1.1,06/06/2027,,,
11575,CAE Inc.,CAE MPIC v3.5,"Lightship Security USA, Inc.",06/05/2025,Certified,PKG_SSH_V1.0 CPP_ND_V3.0E,06/05/2027,,,
11447,Apple Inc.,Apple iPadOS 17: iPad,atsec information security corporation,06/03/2025,Certified,MOD_BT_V1.0 PKG_TLS_V1.1 MOD_MDM_AGENT_V1.0 MOD_WLANC_v1.0 MOD_VPNC_V2.4 PP_MDF_V3.3 MOD_CPP_BIO_V1.1,06/03/2027,,,
11446,Apple Inc.,Apple iOS 17: iPhone,atsec information security corporation,06/03/2025,Certified,MOD_BT_V1.0 PKG_TLS_V1.1 MOD_MDM_AGENT_V1.0 MOD_WLANC_v1.0 MOD_VPNC_V2.4 PP_MDF_V3.3 MOD_CPP_BIO_V1.1,06/03/2027,,,
11533,Broadcom,VMware ESXi 8.0 Update 3e,atsec information security corporation,06/03/2025,Certified,PKG_TLS_V1.1 PP_BASE_VIRTUALIZATION_V1.1 MOD_SV_V1.1,06/03/2027,,,
11556,Anduril,Klas VoyagerVM 4.0 running KlasOS Keel 5.4.3,Acumen Security,05/30/2025,Certified,PKG_SSH_V1.0 CPP_ND_V3.0E,05/30/2027,,,
,"Lexmark International, Inc.","Lexmark MX432, MX522, MX622, MX721, MX722, MX822, MX826, MX931, CX730, CX735, CX930, CX931, CX942, CX943, CX944, CX532, CX635, MX532, MX632, MX953, CX961, CX962, CX963, CX950, CX951 and CX833 Multi-Function Printers with Fax and Hard Drive, Firmware version 240.204CC",Lightship Security,05/29/2025,Certified,CPP_HCD_V1.0E,05/29/2027,,,
11481,HCL Technologies Limited,HCL BigFix Version 11.0.3,atsec information security corporation,05/27/2025,Certified,PKG_TLS_V1.1 PP_APP_v1.4,05/27/2027,,,
11518,QuintessenceLabs Pty Ltd,"QuintessenceLabs Trusted Security Foundation 400, Version 3.2",Leidos Common Criteria Testing Laboratory,05/22/2025,Certified,CPP_ND_V2.2E,12/14/2026,,,
,"Juniper Networks, Inc.",Juniper Networks Junos OS Evolved 23.4R1 for PTX10001-36MR,Teron Labs,05/19/2025,Certified,CPP_ND_V2.2E MOD_MACSEC_V1.0,12/14/2026,,,
11500,"Palo Alto Networks, Inc.","Palo Alto Networks M-200, M-300, M-600, and M-700 Hardware, and Virtual Appliances all running Panorama 11.1",Leidos Common Criteria Testing Laboratory,05/19/2025,Certified,PKG_SSH_V1.0 CPP_ND_V3.0E,05/19/2027,,,
11568,CACI,Archon Linux Unified Key Setup (LUKS) v3.0.0.2,Acumen Security,05/19/2025,Certified,CPP_FDE_AA_V2.0E CPP_FDE_EE_V2.0E,05/19/2027,,,
11567,"Novachips Co., Ltd.","Scalar and Express P-series SSD, version NV.R1900",UL Verification Services,05/15/2025,Certified,CPP_FDE_AA_V2.0E CPP_FDE_EE_V2.0E,05/15/2027,,,
11448,Apple Inc.,Apple macOS 14 Sonoma: FileVault,atsec information security corporation,05/14/2025,Certified,CPP_FDE_AA_V2.0E CPP_FDE_EE_V2.0E,05/14/2027,,,
11491,Broadcom,"VMware Avi Load Balancer, Version 30.2.3",Acumen Security,05/08/2025,Certified,CPP_ND_V2.2E,12/14/2026,,,
11524,"NIKSUN, Inc.","NIKSUN NetOmni, and NetDetector/NetVCR/LogWave running Everest Software v6.0.1.0",Advanced Data Security,05/02/2025,Certified,CPP_ND_V2.2E,12/14/2026,,,
11513,Check Point Software Technologies Ltd,Quantum Force R81.20,Gossamer Security Solutions,04/30/2025,Certified,CPP_ND_V2.2E MOD_CPP_FW_v1.4e MOD_VPNGW_v1.3,12/14/2026,2025.08.15: Quantum Force R81.20,,
11548,HPE Aruba Networking,ClearPass Policy Manager 6.11,Gossamer Security Solutions,04/29/2025,Certified,PKG_SSH_V1.0 CPP_ND_V3.0E,04/29/2027,,,
11528,"SonicWall, Inc.",SonicWall SonicOS/X v7.0.1 with VPN and IPS on NSsp 15700,Acumen Security,04/25/2025,Certified,CPP_ND_V2.2E MOD_CPP_FW_v1.4e MOD_IPS_V1.0 MOD_VPNGW_v1.3,12/14/2026,,,
11517,"Cisco Systems, Inc.",Cisco Identity Services Engine (ISE) V3.3,Gossamer Security Solutions,04/22/2025,Certified,CPP_ND_V2.2E MOD_AUTHSVR_V1.0,12/14/2026,,,
11545,Google LLC,Google Pixel Devices on Android 15,Gossamer Security Solutions,04/10/2025,Certified,MOD_BT_V1.0 PKG_TLS_V1.1 MOD_MDM_AGENT_V1.0 MOD_WLANC_v1.0 PP_MDF_V3.3 MOD_CPP_BIO_V1.1,04/10/2027,,,
11456,"Cisco Systems, Inc.",Cisco Catalyst 9800 Series Wireless Controllers and Access Points 17.12,"Lightship Security USA, Inc.",04/10/2025,Certified,CPP_ND_V2.2E MOD_WLAN_AS_v1.0,12/14/2026,2025.06.18: Cisco Catalyst 9800 Series Wireless Controllers and Access Points 17.12,,
11552,Honeywell International Inc.,Honeywell Mobility Edge Mobile Computer SDM660 on Android 13,Gossamer Security Solutions,04/08/2025,Certified,MOD_BT_V1.0 PKG_TLS_V1.1 MOD_WLANC_v1.0 PP_MDF_V3.3,04/08/2027,,,
11553,Honeywell International Inc.,Honeywell Mobility Edge Mobile Computer CT47 on Android 13,Gossamer Security Solutions,04/07/2025,Certified,MOD_BT_V1.0 PKG_TLS_V1.1 MOD_WLANC_v1.0 PP_MDF_V3.3,04/07/2027,,,
,Canon Inc.,Canon imageFORCE C71965KG / C7165F / C7165 with Fax & PDL 119,ECSEC Laboratory Inc. Evaluation Center,04/04/2025,Certified,PP_HCD_V1.0,04/23/2027,,,
,Canon Inc.,Canon imageRUNNER ADVANCE DX C5870i / C5860i / C5850i / C5840i with Fax & PDL 2522,ECSEC Laboratory Inc. Evaluation Center,04/04/2025,Certified,PP_HCD_V1.0,04/04/2027,,,
11509,Persistent Systems LLC,"Persistent Systems LLC, Wave Relay® Devices v1.0",Gossamer Security Solutions,03/27/2025,Certified,CPP_ND_V2.2E MOD_MACSEC_V1.0 MOD_VPNGW_v1.3,12/14/2026,,,
11525,"Pure Storage, Inc.","Pure Storage FlashArray//CR3, //CR4, //XL, //XR3, and //XR4 Appliances Running Purity 6.5",Advanced Data Security,03/27/2025,Certified,CPP_ND_V2.2E,12/14/2026,,,
,"Juniper Networks, Inc.",Juniper Junos OS 23.4R1 for SRX1600,Teron Labs,03/18/2025,Certified,CPP_ND_V2.2E MOD_CPP_FW_v1.4e MOD_IPS_V1.0 MOD_VPNGW_v1.3,12/14/2026,,,
11510,"Cisco Systems, Inc.",Cisco Secure Firewall Threat Defense Virtual 7.4 with FMC/FMCv,Gossamer Security Solutions,03/18/2025,Certified,CPP_ND_V2.2E MOD_CPP_FW_v1.4e MOD_IPS_V1.0 MOD_VPNGW_v1.3,12/14/2026,,,
11470,Trellix,Trellix Security Enterprise Security Manager v11.6.12,Acumen Security,03/18/2025,Certified,CPP_ND_V2.2E,12/14/2026,,,
11511,"Cisco Systems, Inc.",Cisco MDS 9000 Series Switches Running NX-OS 9.4,Gossamer Security Solutions,03/13/2025,Certified,CPP_ND_V2.2E,12/14/2026,,,
11521,"Cisco Systems, Inc.",Cisco Embedded Services 9300 and 3300 Series Switches (ESS9300 & ESS3300) running IOS-XE 17.12,Gossamer Security Solutions,03/13/2025,Certified,CPP_ND_V2.2E MOD_MACSEC_V1.0,12/14/2026,,,
,Hewlett Packard Enterprise,HPE Aruba Networking Orchestrator and EdgeConnect Release 9.4.2,Teron Labs,03/07/2025,Certified,CPP_ND_V2.2E MOD_CPP_FW_v1.4e MOD_VPNGW_v1.3,03/07/2027,,,
,"Ricoh Company, Ltd.",RICOH Pro 8400S/8410S/8420S version JE-1.00-H,"Lightship Security, Inc.",03/06/2025,Certified,PP_HCD_V1.0,03/06/2027,,,
,"Ricoh Company, Ltd.",RICOH IM C2010/C2510/C2519/C3010/C3510/C3519/C4510/C5510/C6010 Version JE-1.10-H,"Lightship Security, Inc.",03/06/2025,Certified,PP_HCD_V1.0,03/06/2027,,,
,"Belkin International, Inc.","Belkin F1DN102KVM-DC-4, F1DN202KVM-DC-4, F1DN104KVM-DC-4, F1DN204KVM-DC-4, F1DN108KVM-DC-4, F1DN208KVM-DC-4, F1DN104KVMDCU-4, F1DN204KVMDCU-4, F1DN104MVKVMDC4, F1DN108MVKVMDC4, F1DN104MKVMDC-4, F1DN108MKVMDC-4 Firmware Version 44444-D5D5",EWA - Canada,03/05/2025,Certified,PP_PSD_V4.0 MOD_UA_V1.0 MOD_KM_V1.0 MOD_VI_V1.0,03/05/2030,,,
11508,"Cisco Systems, Inc.",Cisco Network Convergence System 1004 (NCS1004) Running IOS-XR 24.1,Gossamer Security Solutions,03/04/2025,Certified,CPP_ND_V2.2E,12/14/2026,,,
11544,Zebra Technologies Corporation,Zebra 4490 Devices on Android 13,Gossamer Security Solutions,03/03/2025,Certified,MOD_BT_V1.0 PKG_TLS_V1.1 MOD_WLANC_v1.0 PP_MDF_V3.3,03/03/2027,,,
,High Security Labs Ltd.,High Sec Labs FH10N-4 Firmware Version 40404-0E7,EWA - Canada,02/28/2025,Certified,PP_PSD_V4.0 MOD_KM_V1.0,02/28/2030,,,
,High Security Labs Ltd.,"High Sec Labs SM20N-4, SM40N-4, SM80N-4 Firmware Version 40404-0E7",EWA - Canada,02/28/2025,Certified,PP_PSD_V4.0 MOD_KM_V1.0,02/28/2030,,,
11497,"Cisco Systems, Inc.",Cisco FTD 7.4 on Firepower 2100 Series with FMC/FMCv,Gossamer Security Solutions,02/28/2025,Certified,CPP_ND_V2.2E MOD_CPP_FW_v1.4e MOD_IPS_V1.0 MOD_VPNGW_v1.3,12/14/2026,,,
11516,"Cisco Systems, Inc.",Cisco FTD 7.4 on Firepower 4100 and 9300 Series with FMC/FMCv,Gossamer Security Solutions,02/27/2025,Certified,CPP_ND_V2.2E MOD_CPP_FW_v1.4e MOD_IPS_V1.0 MOD_VPNGW_v1.3,12/14/2026,,,
11467,Ciena Corporation,Ciena SAOS R10.9.1 on the 3926 with Large NFV Compute Server Service Aggregation Platform,Gossamer Security Solutions,02/25/2025,Certified,CPP_ND_V2.2E MOD_MACSEC_V1.0,12/14/2026,,,
11526,"Red Hat, Inc.",Red Hat Enterprise Linux 9.4,"Lightship Security USA, Inc.",02/25/2025,Certified,PKG_TLS_V1.1 PKG_SSH_V1.0 PP_OS_V4.3,02/25/2027,,,
11460,"Cisco Systems, Inc.",Cisco FTD 7.4 on Cisco Secure Firewall 4200 Series with FMC/FMCv,Gossamer Security Solutions,02/19/2025,Certified,CPP_ND_V2.2E MOD_CPP_FW_v1.4e MOD_IPS_V1.0 MOD_VPNGW_v1.3,12/14/2026,,,
11496,"Cisco Systems, Inc.",Cisco FTD 7.4 on Firepower 1000 Series with FMC/FMCv,Gossamer Security Solutions,02/19/2025,Certified,CPP_ND_V2.2E MOD_CPP_FW_v1.4e MOD_IPS_V1.0 MOD_VPNGW_v1.3,12/14/2026,,,
,Oracle Corporation,Oracle Linux 9.3,EWA - Canada,02/14/2025,Certified,PKG_TLS_V1.1 PKG_SSH_V1.0 PP_OS_V4.3,02/14/2027,,,
11520,"SailPoint Technologies, Inc.",SailPoint IdentityIQ v8.3p5,Booz Allen Hamilton Common Criteria Testing Laboratory,02/12/2025,Certified,PP_ESM_ICM_V2.1,02/12/2027,,,
11469,UD Info Corporation,"SSD Drives, Firmware Versions: SCPU13.0/ECPU13.0/SCQU15.0/ECQU15.0","Lightship Security USA, Inc.",02/10/2025,Certified,CPP_FDE_EE_V2.0E,02/10/2027,,,
11504,Gigamon Inc,Gigamon GigaVUE Fabric Manager v6.6,Booz Allen Hamilton Common Criteria Testing Laboratory,01/31/2025,Certified,CPP_ND_V2.2E,12/14/2026,,,
11458,"Cisco Systems, Inc.",Cisco FTD 7.4 on Cisco Secure Firewall 3100 Series with FMC/FMCv,Gossamer Security Solutions,01/31/2025,Certified,CPP_ND_V2.2E MOD_CPP_FW_v1.4e MOD_IPS_V1.0 MOD_VPNGW_v1.3,12/14/2026,,,
11493,"Appgate Cybersecurity, Inc.",Appgate SDP Client 6.4,Leidos Common Criteria Testing Laboratory,01/30/2025,Certified,PKG_TLS_V1.1 PP_APP_v1.4,01/30/2027,,,
11514,"Cisco Systems, Inc.",Cisco Nexus 9000 Series Switches Running NX-OS 10.4,Gossamer Security Solutions,01/27/2025,Certified,CPP_ND_V2.2E,12/14/2026,,,
,SUSE LLC,SUSE Linux Enterprise Micro 5.3,atsec information security GmbH Prüfstelle für IT-Sicherheit,01/24/2025,Certified,PP_OS_V4.2.1 PKG_SSH_V1.0,01/24/2027,,,
11484,"Cisco Systems, Inc.",Cisco Aggregation Services Router 9000 (ASR9K) running IOS-XR 7.11,"Lightship Security USA, Inc.",01/23/2025,Certified,CPP_ND_V2.2E MOD_MACSEC_V1.0,12/14/2026,,,
,"Ricoh Company, Ltd.","RICOH IM C320F, version JE-1.00-H","Lightship Security, Inc.",01/20/2025,Certified,PP_HCD_V1.0,01/20/2027,,,
,HP Inc.,"HP Color LaserJet Managed MFP E78523/E78528, HP LaserJet Managed MFP E73025/E73030, HP Color LaserJet MFP E78625/E78630/E78635, HP Color LaserJet Flow MFP E78625/E78630/E78635, HP LaserJet MFP E73130/E73135/E73140, HP LaserJet Flow MFP E73130/E73135/E73140, HP Color LaserJet MFP E87740/E87750/E87760/E87770, HP Color LaserJet Flow MFP E87740/E87750/E87760/E87770, HP LaserJet MFP E82650/E82660/E82670, and HP LaserJet Flow MFP E82650/E82660/E82670 multifunction printers (MFPs) with HP FutureSmart 5.7.1.1 Firmware",atsec information security S.r.l (Rome site),01/17/2025,Certified,PP_HCD_V1.0,01/17/2027,,,
11489,"Corelight, Inc.",Corelight Sensors with BroLin v28,Gossamer Security Solutions,01/16/2025,Certified,CPP_ND_V2.2E,12/14/2026,,,
11502,Infinera Corporation,Infinera GX G42 Optical Network Platform running Converged OS (COS) 6.2.10,Gossamer Security Solutions,01/16/2025,Certified,CPP_ND_V2.2E,12/14/2026,,,
11461,"Cisco Systems, Inc.",Cisco ASA 9.20 on Cisco Secure Firewall 4200 Series,Gossamer Security Solutions,01/13/2025,Certified,CPP_ND_V2.2E MOD_CPP_FW_v1.4e MOD_VPNGW_v1.3,12/14/2026,,,
11512,"Cisco Systems, Inc.",Cisco ASA 9.20 on Firepower 4100 and 9300 Security Appliances,Gossamer Security Solutions,01/10/2025,Certified,CPP_ND_V2.2E MOD_CPP_FW_v1.4e MOD_VPNGW_v1.3,12/14/2026,,,
11473,"SonicWall, Inc.","Sonicwall SonicOS/X v7.0.1 with VPN and IPS on TZ, NSa, NSsp, and NSv Appliances",Acumen Security,01/08/2025,Certified,CPP_ND_V2.2E MOD_CPP_FW_v1.4e MOD_IPS_V1.0 MOD_VPNGW_v1.3,12/14/2026,,,
11459,"Cisco Systems, Inc.",Cisco ASA 9.20 on Cisco Secure Firewall 3100 Series,Gossamer Security Solutions,01/06/2025,Certified,CPP_ND_V2.2E MOD_CPP_FW_v1.4e MOD_VPNGW_v1.3,12/14/2026,,,
11507,"Cisco Systems, Inc.",Cisco Secure Firewall ASA Virtual 9.20,Gossamer Security Solutions,01/06/2025,Certified,CPP_ND_V2.2E MOD_CPP_FW_v1.4e MOD_VPNGW_v1.3,12/14/2026,,,
11430,Ciena Corporation,Ciena 6500 Packet Optical Platform,Acumen Security,01/02/2025,Certified,CPP_ND_V2.2E,12/14/2026,,,
11298,Microsoft Corporation,Microsoft Intune,"Lightship Security USA, Inc.",12/31/2024,Certified,PP_MDM_V4.0 MOD_MDM_AGENT_V1.0,12/31/2026,,,
11485,"Senetas Corporation Ltd, Distributed by Thales SA (SafeNet)",Senetas Distributed by Thales CN Series Encryptors 5.5.0,"Lightship Security USA, Inc.",12/31/2024,Certified,CPP_ND_V3.0E,12/31/2026,2025.07.28: Senetas Distributed by Thales CN Series Encryptors 5.5.1,,
11499,Forescout Technologies Inc.,Forescout eyeInspect v5.2,Booz Allen Hamilton Common Criteria Testing Laboratory,12/27/2024,Certified,CPP_ND_V2.2E,12/14/2026,,,
,"Juniper Networks, Inc.","Juniper Networks Junos OS 23.4R1 for MX10004, MX10008 and MX10016",Teron Labs,12/23/2024,Certified,CPP_ND_V2.2E MOD_MACSEC_V1.0,12/14/2026,,,
11503,L3Harris,L3Harris Common Data Loader Version 02.01,Gossamer Security Solutions,12/23/2024,Certified,CPP_FDE_AA_V2.0E CPP_FDE_EE_V2.0E,12/23/2026,,,
11539,"Samsung Electronics Co., Ltd.",Samsung Galaxy Devices on Android 14 - Fall,Gossamer Security Solutions,12/23/2024,Certified,MOD_BT_V1.0 PKG_TLS_V1.1 MOD_WLANC_v1.0 MOD_VPNC_V2.4 PP_MDF_V3.3 MOD_CPP_BIO_V1.1,12/23/2026,,,
,HP Inc.,"HP Color LaserJet Enterprise M856, HP LaserJet Enterprise M610/M611/M612, HP LaserJet Enterprise M507, HP Color LaserJet Enterprise M751 and HP Color LaserJet Managed E75245 printers with HP FutureSmart 5.7.1.1 Firmware",atsec information security S.r.l (Rome site),12/18/2024,Certified,PP_HCD_V1.0,12/18/2026,,,
,HP Inc.,"HP Color LaserJet Enterprise MFP M776, HP Color LaserJet Enterprise Flow MFP M776, HP LaserJet Enterprise MFP M632/M633/M634/M635/M636, HP LaserJet Enterprise Flow MFP M634/M635/M636, HP LaserJet Managed MFP E62655/E62665 and HP LaserJet Managed Flow MFP E62665/E62675 multifunction printers (MFPs) with HP FutureSmart 5.7.1.1 Firmware",atsec information security GmbH (Munich site),12/18/2024,Certified,PP_HCD_V1.0,12/18/2026,,,
,"NetScout Systems, Inc.",NETSCOUT Arbor Edge Defense 7.0.2.0,"Lightship Security, Inc.",12/12/2024,Certified,CPP_ND_V2.2E,12/14/2026,,,
11488,Trend Micro,Trend Micro TippingPoint Threat Protection System (TPS) v6.3,Leidos Common Criteria Testing Laboratory,12/09/2024,Certified,CPP_ND_V2.2E,12/09/2026,2025.06.11: Trend Micro TippingPoint Threat Protection System (TPS) v6.4,,
,Cloud Software Group,NetScaler Version 13.1 Build 37.201,"Lightship Security, Inc.",12/02/2024,Certified,CPP_ND_V2.2E,12/02/2026,,,
11540,"Samsung Electronics Co., Ltd.",Samsung Knox File Encryption 1.6.0 - Fall,Gossamer Security Solutions,11/27/2024,Certified,MOD_FE_V1.0 PP_APP_v1.4,11/27/2026,,,
11487,Gigamon Inc,Gigamon GigaVUE Version 6.5,Booz Allen Hamilton Common Criteria Testing Laboratory,11/22/2024,Certified,CPP_ND_V2.2E,11/22/2026,,,
11477,"NetApp, Inc.",NetApp Storage Encryption (NSE) Running ONTAP 9.14.1,Leidos Common Criteria Testing Laboratory,11/18/2024,Certified,CPP_FDE_AA_V2.0E,11/18/2026,,,
11475,"NetApp, Inc.",NetApp Volume Encryption (NVE) Appliances running ONTAP 9.14.1,Leidos Common Criteria Testing Laboratory,11/18/2024,Certified,CPP_FDE_AA_V2.0E CPP_FDE_EE_V2.0E,11/18/2026,,,
11494,"Cisco Systems, Inc.",Cisco ASA 9.20 on Firepower 2100 Series,Gossamer Security Solutions,11/14/2024,Certified,CPP_ND_V2.2E MOD_CPP_FW_v1.4e MOD_VPNGW_v1.3,11/14/2026,,,
11495,"Cisco Systems, Inc.",Cisco ASA 9.20 on Firepower 1000 Series,Gossamer Security Solutions,11/14/2024,Certified,CPP_ND_V2.2E MOD_CPP_FW_v1.4e MOD_VPNGW_v1.3,11/14/2026,,,
,HP Inc.,"HP Color LaserJet Enterprise 5700, HP Color LaserJet Enterprise 6700/6701, HP Color LaserJet Enterprise X55745, HP Color LaserJet Enterprise X65455/X65465",atsec information security AB,11/08/2024,Certified,PP_HCD_V1.0,11/08/2026,,,
,Xerox Corporation,Xerox® B410 Printer and C410 Color Printer with Firmware Version 222.037,"Lightship Security, Inc.",11/06/2024,Certified,CPP_HCD_V1.0E,11/06/2026,,,
11505,Curtiss-Wright Defense Solutions,Curtiss-Wright Defense Solutions XMC NVMe Encryptor version 1.0.0,Gossamer Security Solutions,11/05/2024,Certified,CPP_FDE_AA_V2.0E CPP_FDE_EE_V2.0E,11/05/2026,,,
11506,Curtiss-Wright Defense Solutions,Curtiss-Wright Defense Solutions HSR10 CSfC Software Encryption Layer v1.1.0,Gossamer Security Solutions,11/01/2024,Certified,CPP_FDE_AA_V2.0E CPP_FDE_EE_V2.0E,11/01/2026,,,
,IBM Corporation,IBM z/OS Version 2 Release 5,atsec information security S.r.l (Rome site),10/21/2024,Certified,PP_OS_V4.3,10/21/2026,,,
11413,Trellix,"FireEye AX, CM, EX, FX, HX, NX, and VX Series Appliances running TRFEOS version 10.0.4",Acumen Security,10/18/2024,Certified,CPP_ND_V2.2E,10/18/2026,,,
,"NetScout Systems, Inc.",NETSCOUT Omnis Cyber Intelligence with CyberStream v6.3.4,"Lightship Security, Inc.",10/17/2024,Certified,CPP_ND_V2.2E,10/17/2026,,,
,"Juniper Networks, Inc.","Junos OS 22.3R1 for QFX5200-32C, QFX5110-48S, QFX5110-32Q, QFX5120-48T, QFX5120-48Y, QFX5120-32C, QFX5210-64C, QFX5200-48Y and EX4650-48Y",Teron Labs,10/17/2024,Certified,CPP_ND_V2.2E,10/17/2026,,,
,"F5, Inc.",F5 BIG-IP 17.1.0.1 including AFM,atsec information security AB,10/11/2024,Certified,CPP_ND_V2.2E MOD_CPP_FW_v1.4e,10/11/2026,,,
,"F5, Inc.",F5 BIG-IP 17.1.0.1 including APM,atsec information security AB,10/11/2024,Certified,CPP_ND_V2.2E,10/11/2026,,,
,"F5, Inc.",F5 BIG-IP 17.1.0.1 including SSLO,atsec information security AB,10/11/2024,Certified,CPP_ND_V2.2E MOD_STIP_V1.1,10/11/2026,,,
,"Lexmark International, Inc.","Lexmark MS632, CS632 Single Function Printers with Firmware Version 222.037","Lightship Security, Inc.",10/11/2024,Certified,CPP_HCD_V1.0E,10/11/2026,,,
,Oracle Corporation,Oracle Identity Governance 12c,"Lightship Security, Inc.",10/09/2024,Certified,PP_ESM_ICM_V2.1,10/09/2026,,,
,"Ricoh Company, Ltd.","RICOH IM C6500/C8000, version JE-1.20-H","Lightship Security, Inc.",10/09/2024,Certified,PP_HCD_V1.0,10/09/2026,,,
,"Ricoh Company, Ltd.","RICOH IM C300/C300F/C400F/C400SRF/C400SRFG, version JE-1.20-H","Lightship Security, Inc.",10/09/2024,Certified,PP_HCD_V1.0,10/09/2026,,,
,"Ricoh Company, Ltd.","RICOH IM 550/600/600SR, version E-1.20-H","Lightship Security, Inc.",10/09/2024,Certified,PP_HCD_V1.0,10/09/2026,,,
11471,"Crestron Electronics, Inc",Crestron DigitalMedia NVX®AV-over-IP v7.1,Leidos Common Criteria Testing Laboratory,10/09/2024,Certified,CPP_ND_V2.2E,10/09/2026,,,
,"Ricoh Company, Ltd.","RICOH Pro C5300S/C5310S, version JE-1.20-H","Lightship Security, Inc.",10/08/2024,Certified,PP_HCD_V1.0,10/08/2026,,,
,"Juniper Networks, Inc.","Juniper SSR Software v6.2.5-5r2 on Juniper SSR120, SSR130, SSR1200, SSR1300, SSR1400 and SSR1500",Teron Labs,09/26/2024,Certified,CPP_ND_V2.2E MOD_CPP_FW_v1.4e,12/14/2026,,,
,"Lexmark International, Inc.","Lexmark MX532, MX632, CX532 and CX635 Multi-Function Printers with Firmware Version 222.037","Lightship Security, Inc.",09/23/2024,Certified,CPP_HCD_V1.0E,09/23/2026,,,
11482,"Palo Alto Networks, Inc.","Palo Alto Networks PA-400 Series, PA-800 Series, PA-1400 Series, PA-3200 Series, PA-3400 Series, PA-5200 Series, PA-5400 Series, PA-5450, PA-7000 Series, and VM Series Next-Generation Firewall with PAN-OS 11.1",Leidos Common Criteria Testing Laboratory,09/19/2024,Certified,MOD_CPP_FW_v1.4e PKG_SSH_V1.0 MOD_IPS_V1.0 MOD_VPNGW_v1.3 CPP_ND_V3.0E,09/19/2026,,,
11464,"Cisco Systems, Inc.",Cisco Catalyst 9200CX/9300X/9300LM/9500X Series Switches 17.12,Gossamer Security Solutions,09/17/2024,Certified,CPP_ND_V2.2E MOD_MACSEC_V1.0,09/17/2026,,,
11465,"Cisco Systems, Inc.",Cisco Catalyst 9400X/9600X Series Switches 17.12,Gossamer Security Solutions,09/17/2024,Certified,CPP_ND_V2.2E MOD_MACSEC_V1.0,09/17/2026,,,
11455,Sierra Nevada Corporation,Binary Armor SCADA Network Guard v2.4,Leidos Common Criteria Testing Laboratory,09/16/2024,Certified,CPP_ND_V2.2E,09/16/2026,,,
11420,"Cisco Systems, Inc.",Cisco Email Security Appliance with AsyncOS 15.5,"Lightship Security USA, Inc.",09/13/2024,Certified,CPP_ND_V2.2E,09/13/2026,,,
11490,"Cisco Systems, Inc.",Cisco Catalyst Industrial Ethernet 3100 (IE3100) Rugged Series Switches running IOS-XE 17.12,Gossamer Security Solutions,09/12/2024,Certified,CPP_ND_V2.2E,09/12/2026,,,
,"Lexmark International, Inc.","Lexmark MX532, MX632, CX532, and CX635 Multi-Function Printers with Hard Drive and with Firmware Version 222.037","Lightship Security, Inc.",09/10/2024,Certified,CPP_HCD_V1.0E,09/10/2026,,,
11457,Information Security Corporation,Information Security Corporation CertAgent/Dhuma v8.0 patch level 0.2,Leidos Common Criteria Testing Laboratory,09/03/2024,Certified,PP_CA_V2.1,09/03/2026,2024.12.02: Information Security Corporation CertAgent/Dhuma v8.0 patch level 0.3 2025.03.10: Information Security Corporation CertAgent/Dhuma v8.0 patch level 0.4,,
,"Juniper Networks, Inc.","Juniper Networks Junos OS 22.3R1 for MX240, MX480, MX960, EX9204, EX9208 and EX9214 with MACsec",Teron Labs,08/30/2024,Certified,PP_NDCPP_MACSEC_EP_V1.2 CPP_ND_V2.2E,08/30/2026,,,
,Xerox Corporation,"Xerox® AltaLink™ C8130, C8135, C8145, C8155, C8170, B8145, B8155 and B8170 with SSD","Lightship Security, Inc.",08/28/2024,Certified,PP_HCD_V1.0,08/28/2026,,,
11468,"Red Hat, Inc.",Red Hat Certificate System 10.4,Gossamer Security Solutions,08/23/2024,Certified,PP_CA_V2.1,08/23/2026,,,
,Xerox Corporation,"Xerox® AltaLink™ C8130, C8135, C8145, C8155, C8170, B8145, B8155 and B8170 with HDD","Lightship Security, Inc.",08/21/2024,Certified,PP_HCD_V1.0,08/21/2026,,,
11463,"Cisco Systems, Inc.",Cisco Catalyst 9300/9300L/9400/9500/9600 Series Switches 17.12,Gossamer Security Solutions,08/20/2024,Certified,CPP_ND_V2.2E MOD_MACSEC_V1.0,08/20/2026,,,
11474,Evertz Microsystems,MMA10G-EXE Series II,Acumen Security,08/20/2024,Certified,CPP_ND_V2.2E,08/20/2026,,,
,"Juniper Networks, Inc.","Juniper Networks Junos OS 22.3R1 for MX204, ACX5448 and ACX5448-D",Teron Labs,08/14/2024,Certified,CPP_ND_V2.2E,08/14/2026,,,
11527,"SonicWall, Inc.",SonicWall Secure Mobile Access (SMA) v12.4,DEKRA Cybersecurity Certification Laboratory,08/14/2024,Certified,CPP_ND_V2.2E,08/14/2026,,,
11466,"Cisco Systems, Inc.",Cisco Catalyst Industrial Ethernet 9300 Rugged Series Switches running IOS-XE 17.12,Gossamer Security Solutions,08/12/2024,Certified,CPP_ND_V2.2E MOD_MACSEC_V1.0,08/12/2026,,,
11486,Zebra Technologies Corporation,Zebra Devices on Android 13,Gossamer Security Solutions,08/08/2024,Certified,MOD_BT_V1.0 PKG_TLS_V1.1 MOD_WLANC_v1.0 PP_MDF_V3.3,08/08/2026,2025.03.25: Zebra Devices on Android 13,,
,"Ricoh Company, Ltd.","RICOH IM C7010, version JE-1.00-H","Lightship Security, Inc.",07/29/2024,Certified,PP_HCD_V1.0,07/29/2026,,,
11434,"Venafi, Inc.",Venafi Trust Protection Platform v23.1,Acumen Security,07/29/2024,Certified,PKG_SSH_V1.0 PP_APP_v1.4,07/29/2026,,,
11454,"Fortinet, Inc.",FortiMail 7.4,Leidos Common Criteria Testing Laboratory,07/26/2024,Certified,CPP_ND_V2.2E,07/26/2026,,,
11462,"Cisco Systems, Inc.",Cisco Catalyst 9200/9200L Series Switches 17.12,Gossamer Security Solutions,07/26/2024,Certified,CPP_ND_V2.2E MOD_MACSEC_V1.0,07/26/2026,,,
11492,RUCKUS Wireless LLC,"CommScope Technologies LLC, Ruckus FastIron ICX Series Switch/Router 10.0.10 with MACsec",Gossamer Security Solutions,07/23/2024,Certified,CPP_ND_V2.2E MOD_MACSEC_V1.0,07/23/2026,,,
11421,"Fortinet, Inc.",Fortinet FortiGate/FortiOS 7.0,"Lightship Security USA, Inc.",07/18/2024,Certified,CPP_ND_V2.2E MOD_CPP_FW_v1.4e MOD_VPNGW_v1.3,07/18/2026,,,
11436,Anduril,KlasOS Keel 5.4.0,Acumen Security,07/16/2024,Certified,CPP_ND_V2.2E MOD_CPP_FW_v1.4e,07/16/2026,,,
11452,"Axway, Inc.","Axway Validation Authority Server, version 5.2",Gossamer Security Solutions,07/15/2024,Certified,PKG_TLS_V1.1 PP_APP_v1.4,07/15/2026,,,
11451,"Axway, Inc.","Axway Desktop Validator, version 5.2",Gossamer Security Solutions,07/15/2024,Certified,PP_APP_v1.4,07/15/2026,,,
11429,CACI,Archon OS v3.0.0.2,Acumen Security,07/12/2024,Certified,PKG_TLS_V1.1 PP_OS_V4.3,07/12/2026,,,
,High Security Labs Ltd.,High Sec Labs FA10A-4 and FA10AO-4 Firmware Version 40000-0E7 Peripheral Sharing Devices,EWA - Canada,07/09/2024,Certified,PP_PSD_V4.0 MOD_AO_V1.0,07/09/2029,,,
11478,RUCKUS Wireless LLC,"CommScope Technologies LLC, Ruckus FastIron ICX Series Switch/Router 10.0.10",Gossamer Security Solutions,07/09/2024,Certified,CPP_ND_V2.2E,07/09/2026,,,
,"CyberArk Software, Ltd",Cyberark Privileged Access Manager – Linux Components including PSMP v14.0.0.14,SGS Brightsight BV,07/03/2024,Certified,PKG_TLS_V1.1 PKG_SSH_V1.0 PP_APP_v1.4,07/03/2026,,,
,"CyberArk Software, Ltd","CyberArk Privileged Access Manager – Windows Components including PSM v14.0.0.9, CPM v14.0.0.9 and PVWA v14.0.0.32",SGS Brightsight BV,07/03/2024,Certified,PKG_TLS_V1.1 PP_APP_v1.4,07/03/2026,,,
,"CyberArk Software, Ltd",CyberArk Privileged Access Manager – Digital Vault Server v14.0.0.40,SGS Brightsight BV,07/03/2024,Certified,PKG_TLS_V1.1 PP_APP_v1.4,07/03/2026,,,
,KLC Group LLC,CipherDriveOne 2.0.1,"Lightship Security, Inc.",06/27/2024,Certified,CPP_FDE_AA_V2.0E,06/27/2026,,,
11439,"Cisco Systems, Inc.",Cisco Secure Client - AnyConnect 5.1 for Red Hat Enterprise Linux 8.2,Gossamer Security Solutions,06/25/2024,Certified,PP_APP_v1.4 MOD_VPNC_V2.4,06/25/2026,,,
11453,KLC Group LLC,"KLC Advantech Drives, Firmware Version: SCPB13.0/ECPB13.0","Lightship Security USA, Inc.",06/25/2024,Certified,CPP_FDE_EE_V2.0E,06/25/2026,2025.03.10: KLC Advantech Drives Firmware Version: SCPB15.0/ECPB15.0,,
11483,"Cisco Systems, Inc.",Cisco Embedded Services Router (ESR) 6300 v17.12,Gossamer Security Solutions,06/14/2024,Certified,CPP_ND_V2.2E MOD_VPNGW_v1.3,06/14/2026,,,
,Xerox Corporation,Xerox® AltaLink™ EC8036 & EC8056,"Lightship Security, Inc.",06/05/2024,Certified,PP_HCD_V1.0,06/05/2026,,,
11427,BlackBerry Ltd.,BlackBerry UEM Server and Android Client v12,Gossamer Security Solutions,05/30/2024,Certified,PP_MDM_V4.0 PKG_TLS_V1.1 MOD_MDM_AGENT_V1.0,05/30/2026,,,
11415,Trellix,Trellix Endpoint Security (HX) Agent v35.31.31,Acumen Security,05/29/2024,Certified,PKG_TLS_V1.1 PP_APP_v1.4,05/29/2026,,,
,Broadcom Corporation,Layer7 API gateway v10.1.00,"Lightship Security, Inc.",05/24/2024,Certified,CPP_ND_V2.2E,05/24/2026,,,
11432,Enveil,Enveil ZeroReveal® Compute Fabric Server v4.6.3,Acumen Security,05/24/2024,Certified,PKG_TLS_V1.1 PP_APP_v1.4,05/24/2026,,,
11417,Trellix,Trellix Intrusion Prevention System Sensor and Manager Appliances version 11.1,Acumen Security,05/20/2024,Certified,CPP_ND_V2.2E MOD_IPS_V1.0,05/20/2026,2025.02.25: Trellix Intrusion Prevention System Sensor and Manager Appliances version 11.1 Update 7,,
11443,"Cisco Systems, Inc.","Cisco Catalyst Industrial Ethernet 3200, 3300, 3400, 3400H (IE3x00) Rugged Series Switches running IOS-XE 17.12",Gossamer Security Solutions,05/15/2024,Certified,CPP_ND_V2.2E,05/15/2026,,,
,Xerox Corporation,Xerox® VersaLink™ C625 and B625 with HDD,"Lightship Security, Inc.",05/14/2024,Certified,PP_HCD_V1.0,05/14/2026,,,
,"NetScout Systems, Inc.",NETSCOUT Sightline and Threat Mitigation System v9.7,"Lightship Security, Inc.",05/14/2024,Certified,CPP_ND_V2.2E,05/14/2026,,,
,Xerox Corporation,Xerox® VersaLink™ C625 and B625 with eMMC,"Lightship Security, Inc.",05/08/2024,Certified,PP_HCD_V1.0,05/08/2026,,,
11441,"VMware, LLC",VMware Workspace ONE Boxer Email Client Version 23.11,Booz Allen Hamilton Common Criteria Testing Laboratory,05/06/2024,Certified,PP_APP_EMAILCLIENT_EP_v2.0 PP_APP_v1.4,05/06/2026,,,
11444,"Samsung Electronics Co., Ltd.","Samsung Electronics Co., Ltd. Samsung Galaxy Devices on Android 14 - Spring",Gossamer Security Solutions,05/06/2024,Certified,MOD_BT_V1.0 PKG_TLS_V1.1 MOD_WLANC_v1.0 MOD_VPNC_V2.4 PP_MDF_V3.3 MOD_CPP_BIO_V1.1,05/06/2026,,,
,Xerox Corporation,Xerox® VersaLink™ C415 and B415 with eMMC,"Lightship Security, Inc.",05/03/2024,Certified,PP_HCD_V1.0,05/03/2026,,,
,"High Sec Labs, Inc.","High Sec Labs SC21H-4, SC82PH-4, SC162PH-4, SMX42D-M, SMX42H-M, SMX42P-M, SMX82D-M, SMX82H-M, SMX82P-M Firmware Version 44404-E7E7 Peripheral Sharing Devices",EWA - Canada,04/29/2024,Certified,PP_PSD_V4.0 MOD_KM_V1.0 MOD_VI_V1.0,04/29/2029,,,
,"High Sec Labs, Inc.","High Sec Labs FI11H-M, FI11D-M, FI11PH-M Firmware Version 44404-E7E7 Peripheral Sharing Devices",EWA - Canada,04/29/2024,Certified,PP_PSD_V4.0 MOD_KM_V1.0 MOD_VI_V1.0,04/29/2029,,,
11438,Curtiss-Wright Defense Solutions,Curtiss-Wright Defense Solutions Data Transport System 1-Slot Plus Software Encryption Layer v1.01.00,Gossamer Security Solutions,04/29/2024,Certified,CPP_FDE_AA_V2.0E CPP_FDE_EE_V2.0E,04/29/2027,2024.10.15: Curtiss-Wright Defense Solutions Data Transport System 1-Slot Plus Software Encryption Layer v1.02.00 2025.04.29: Curtiss-Wright Defense Solutions Data Transport System 1-Slot Plus Software Encryption Layer v1.03.00,,
11399,KLC Group LLC,KLC Group LLC CipherDriveOne Kryptr 1.1.0,"Lightship Security USA, Inc.",04/29/2024,Certified,CPP_FDE_AA_V2.0E CPP_FDE_EE_V2.0E,04/29/2026,,,
11416,Seagate Technology LLC.,Seagate® Secure NVMe Self-Encrypting Drives,Leidos Common Criteria Testing Laboratory,04/25/2024,Certified,CPP_FDE_EE_V2.0E,04/25/2026,,,
,Xerox Corporation,Xerox® VersaLink™ C415 and B415 with HDD,"Lightship Security, Inc.",04/24/2024,Certified,PP_HCD_V1.0,04/24/2026,,,
11437,Curtiss-Wright Defense Solutions,Curtiss-Wright Defense Solutions Data Transport System 1-Slot Plus Hardware Encryption Layer version 1.1.0,Gossamer Security Solutions,04/24/2024,Certified,CPP_FDE_AA_V2.0E CPP_FDE_EE_V2.0E,04/24/2026,2024.10.15: Curtiss-Wright Defense Solutions Data Transport System 1-Slot Plus Hardware Encryption Layer version 1.2.0,,
11422,"Aruba, a Hewlett Packard Enterprise Company","Aruba, a Hewlett Packard Enterprise Company 6300M and 8360v2 Switch Series MACsec",Gossamer Security Solutions,04/22/2024,Certified,CPP_ND_V2.2E MOD_MACSEC_V1.0,04/22/2026,2024.05.28: HPE Aruba Networking 6300M and 8360v2 Switch Series MACsec running ArubaOS-CX version 10.13,,
,"F5, Inc.",Certification for F5 BIG-IP 16.1.3.1 including SSLO,atsec information security AB,04/16/2024,Certified,CPP_ND_V2.2E MOD_STIP_V1.1,04/16/2026,,,
,"Juniper Networks, Inc.","Junos OS 22.3R1 for ACX5448-M, EX4400-24T, EX4400-24P, EX4400-24MP, EX4400-48T, EX4400-48P, EX4400-48F, EX4400-48MP and QFX5120-YM",Teron Labs,04/12/2024,Certified,PP_NDCPP_MACSEC_EP_V1.2 CPP_ND_V2.2E,03/02/2026,,,
11424,Enveil,Enveil ZeroReveal® Compute Fabric Client v4.6.3,Acumen Security,04/11/2024,Certified,PKG_TLS_V1.1 PP_APP_v1.4,04/11/2026,,,
11431,"Versa Networks, Inc.","Versa Networks Versa Secure SD-WAN Versa Operating System (VOS) 22.1 running on CSG1500, CSG2500, CSG3500, CSG5000, Dell PowerEdge R7515, and Dell VEP4600, Versa Director 22.1, and Versa Analytics 22.1",Gossamer Security Solutions,04/10/2024,Certified,CPP_ND_V2.2E MOD_CPP_FW_v1.4e MOD_IPS_V1.0 MOD_VPNGW_v1.3,04/10/2026,"2025.03.17: Versa Networks Versa Secure SD-WAN Versa Operating System (VOS) 22.1 running on CSG1300, CSG1500, CSG2500, CSG3500, CSG5000, CSG5200, Dell PowerEdge R7515, Dell PowerEdge R7615, Dell PowerEdge XR5610, Dell VEP1445, Dell VEP1485, and Dell VEP4600 Versa Director 22.1, and Versa Analytics 22.1",,
11428,Evertz Microsystems,MMA10G-EXE Series,Acumen Security,04/05/2024,Certified,CPP_ND_V2.2E,04/05/2026,,,
,"NetScout Systems, Inc.",NETSCOUT® nGeniusONE® with InfiniStreamNG® v6.3.3,"Lightship Security, Inc.",04/04/2024,Certified,CPP_ND_V2.2E,04/04/2026,,,
,"Juniper Networks, Inc.","Junos OS 22.4R2 for EX4100-F-12P, EX4100-F-24P, EX4100-F-48P, EX4100-F-12T, EX4100-F-24T and EX4100-F-48T",ASD,04/02/2024,Certified,CPP_ND_V2.2E,04/02/2026,,,
,"Juniper Networks, Inc.","Juniper Junos OS 22.4R2 for MX304, EX4100-48MP, EX4100-24MP, EX4100-24P, EX4100-24T, EX4100-48P, EX4100-48T",Teron Labs,04/02/2024,Certified,CPP_ND_V2.2E MOD_MACSEC_V1.0,04/02/2026,,,
11418,"Adtran Networks North America, Inc",Adtran’s FSP 3000R7 Network Element r22.2.2,Booz Allen Hamilton Common Criteria Testing Laboratory,03/28/2024,Certified,CPP_ND_V2.2E,03/28/2026,,,
11445,"Samsung Electronics Co., Ltd.","Samsung Electronics Co., Ltd. Samsung Knox File Encryption 1.6.0 – Spring",Gossamer Security Solutions,03/27/2024,Certified,MOD_FE_V1.0 PP_APP_v1.4,03/27/2026,,,
11419,Google LLC,Google Pixel Devices on Android 14,Gossamer Security Solutions,03/27/2024,Certified,MOD_BT_V1.0 PKG_TLS_V1.1 MOD_MDM_AGENT_V1.0 MOD_WLANC_v1.0 PP_MDF_V3.3 MOD_CPP_BIO_V1.1,03/27/2026,,,
11426,"Hypori, Inc.",Hypori Halo Client (Windows) 4.3,Leidos Common Criteria Testing Laboratory,03/21/2024,Certified,PP_APP_v1.4,03/21/2026,,,
11400,Ciena Corporation,"Ciena SAOS 10.7.1 on 3926, 3928, 3948, 5144, 5162, 5164, 5170, 5171, Large NFV Compute Server, and 8180 Service Aggregation Platforms",Acumen Security,03/12/2024,Certified,CPP_ND_V2.2E,03/12/2026,,,
11425,"Hypori, Inc.",Hypori Halo Client (iOS) 4.3,Leidos Common Criteria Testing Laboratory,03/04/2024,Certified,PP_APP_v1.4,03/04/2026,,,
11423,"Hypori, Inc.",Hypori Halo Client (Android) 4.3,Leidos Common Criteria Testing Laboratory,02/20/2024,Certified,PP_APP_v1.4,02/20/2026,,,
11414,Architecture Technology Corporation,Architecture Technology Corporation Machete Router,Gossamer Security Solutions,02/15/2024,Certified,CPP_ND_V2.2E MOD_VPNGW_v1.2,02/15/2026,,,
11450,"TheJoin, Inc.","TheJoin, Inc., Join-Virtual Mobile Platform 6.1.0",Gossamer Security Solutions,02/08/2024,Certified,PKG_TLS_V1.1 PP_APP_v1.4,02/08/2026,,,
11347,Apple Inc.,Apple macOS 13 Ventura,atsec information security corporation,02/06/2024,Certified,MOD_BT_V1.0 PP_OS_V4.2.1,02/06/2026,,,
,Oracle Corporation,Oracle VM Server for SPARC 3.6 and Oracle Solaris 11.4,"Lightship Security, Inc.",01/25/2024,Certified,PKG_TLS_V1.1 PP_BASE_VIRTUALIZATION_V1.1 MOD_SV_V1.1 PKG_SSH_V1.0,01/24/2026,,,
11397,"Juniper Networks, Inc.",Juniper vSRX3.0 with Junos OS 22.2R2,Acumen Security,01/22/2024,Certified,CPP_ND_V2.2E MOD_CPP_FW_v1.4e MOD_IPS_V1.0 MOD_VPNGW_v1.2,01/22/2026,,,
,Microsoft Corporation,"Microsoft Windows 11 (version 22H2), Microsoft Windows 10 (version 22H2), Microsoft Windows Server 2022, Microsoft Windows Server Datacenter: Azure Edition, Microsoft Azure Stack HCIv2 version 22H2, Microsoft Azure Stack Hub, Microsoft Azure Stack Edge",Dekra Testing and Certification S.A.U.,01/17/2024,Certified,PP_WLAN_CLI_EP_V1.0 MOD_VPN_CLI_V2.1 MOD_BT_V1.0 PP_OS_V4.2.1 MOD_WLANC_v1.0 MOD_VPNC_V2.4,01/16/2026,,,
11409,HYCU Inc.,HYCU for Enterprise Clouds,Acumen Security,01/17/2024,Certified,CPP_ND_V2.2E,01/17/2026,,,
11309,"Red Hat, Inc.",Red Hat Enterprise Linux 8.6,Acumen Security,01/15/2024,Certified,PP_OS_V4.2.1 PKG_SSH_V1.0,01/15/2026,,,
11379,"Red Hat, Inc.",Red Hat Enterprise Linux 9.0 EUS,"Lightship Security USA, Inc.",01/09/2024,Certified,PKG_TLS_V1.1 PKG_SSH_V1.0 PP_OS_V4.3,01/09/2026,2024.09.09: Red Hat Enterprise Linux 9.0 EUS,,
,Adder Technology Ltd,Adder AS-4CR Multi-Domain Card Reader Firmware Version 40040-0E7,EWA - Canada,01/05/2024,Certified,PP_PSD_V4.0 MOD_UA_V1.0,01/04/2029,,,
11412,Motorola Mobility LLC,Motorola Mobility LLC Mobile Devices on Android 13,Gossamer Security Solutions,12/22/2023,Certified,MOD_BT_V1.0 PKG_TLS_V1.1 MOD_WLANC_v1.0 PP_MDF_V3.3 MOD_CPP_BIO_V1.1,12/22/2025,,,
11405,"Viasat, Inc.",Viasat Secure VPN v1.1.7,UL Verification Services,12/21/2023,Certified,CPP_ND_V2.2E MOD_VPNGW_v1.2,12/21/2025,,,
11380,Nubo Software LTD,Nubo Client Version 3.2,Acumen Security,12/20/2023,Certified,PKG_TLS_V1.1 PP_APP_v1.4,12/20/2025,,,
11433,"Cisco Systems, Inc.",Cisco Secure Client - AnyConnect 5.0 for Windows 10,Gossamer Security Solutions,12/19/2023,Certified,PP_APP_v1.4 MOD_VPNC_V2.4,12/19/2025,2024.09.24: Cisco Secure Client - AnyConnect 5.1 for Windows 10,,
,"Ricoh Company, Ltd.",RICOH IM 370 version E-1.00-H,"Lightship Security, Inc.",12/08/2023,Certified,PP_HCD_V1.0,12/07/2025,,,
,"Ricoh Company, Ltd.",RICOH IM 370F/460F version JE-1.00-H,"Lightship Security, Inc.",12/07/2023,Certified,PP_HCD_V1.0,12/06/2025,,,
11390,Ciena Corporation,Ciena Waveserver 5 OS R2.3.12,Acumen Security,12/06/2023,Certified,CPP_ND_V2.2E,12/06/2025,,,
11391,"Aruba, a Hewlett Packard Enterprise Company","Aruba, a Hewlett Packard Enterprise Company 4100i, 6200, 6300, 6400, 8320, 8325, 8360, 8400, 9300, and 10000 Switch Series Version 10.11",Gossamer Security Solutions,12/05/2023,Certified,CPP_ND_V2.2E,12/05/2025,"2024.05.30: HPE Aruba Networking 4100i, 6200, 6300, 6400, 8320, 8325, 8360, 8400, 9300, and 10000 Switch Series running ArubaOS-CX 10.13",,
11348,Apple Inc.,Apple macOS 13 Ventura: FileVault,atsec information security corporation,12/04/2023,Certified,CPP_FDE_AA_V2.0E CPP_FDE_EE_V2.0E,12/04/2025,,,
11393,"Cisco Systems, Inc.",Cisco Catalyst 9200CX/9300X/9300LM/9500X Series Switches running IOS-XE 17.9,Gossamer Security Solutions,12/01/2023,Certified,PP_NDCPP_MACSEC_EP_V1.2 CPP_ND_V2.2E,12/01/2025,,,
,High Security Labs Ltd.,"High Sec Labs SK21PH-4, SK41PH-4, DK22PH-4, DK42PH-4, SK81PH-4, DK82PH-4, SX42PH-4, SX82PH-4 Firmware Version 44404-E7E7 Peripheral Sharing Devices",EWA - Canada,11/20/2023,Certified,PP_PSD_V4.0 MOD_AO_V1.0 MOD_KM_V1.0 MOD_VI_V1.0,11/19/2028,,,
11403,"Aruba, a Hewlett Packard Enterprise Company",Aruba Remote Access Points and Aruba Mobility Controllers with ArubaOS 8.10,"Lightship Security USA, Inc.",11/20/2023,Certified,CPP_ND_V2.2E MOD_VPNGW_v1.2,11/20/2025,,,
11374,"Tenable, Inc",Tenable Security Center 6.2.0,Leidos Common Criteria Testing Laboratory,11/14/2023,Certified,PKG_TLS_V1.1 PP_APP_v1.4,11/12/2025,,,
11392,"Cisco Systems, Inc.",Cisco Catalyst 9400X/9600X Series Switches Running IOS-XE 17.9,Gossamer Security Solutions,11/13/2023,Certified,PP_NDCPP_MACSEC_EP_V1.2 CPP_ND_V2.2E,11/13/2025,,,
,HP Inc.,HP LaserJet Enterprise MFP M528 and HP LaserJet Managed MFP E52645 multifunction printers (MFPs) with HP FutureSmart 4.12 Firmware,atsec information security GmbH (Munich site),11/08/2023,Certified,PP_HCD_V1.0,11/07/2025,,,
11395,"Cisco Systems, Inc.",Cisco Catalyst Industrial Ethernet 9300 Rugged Series Switches running IOS-XE 17.9,Gossamer Security Solutions,11/08/2023,Certified,PP_NDCPP_MACSEC_EP_V1.2 CPP_ND_V2.2E,11/08/2025,,,
11411,"Samsung Electronics Co., Ltd.","Samsung Electronics Co., Ltd. Samsung Knox File Encryption 1.5 - Fall",Gossamer Security Solutions,11/07/2023,Certified,MOD_FE_V1.0 PP_APP_v1.4,11/07/2025,,,
,HP Inc.,HP Digital Sender Flow 8500 fn2 Document Capture Workstation and HP ScanJet Enterprise Flow N9120 fn2 Document Scanner with HP FutureSmart 4.12 Firmware,atsec information security S.r.l (Rome site),11/06/2023,Certified,PP_HCD_V1.0,11/05/2025,,,
,Canon Inc.,Canon imageRUNNER ADVANCE DX C359iF/C359F/C359i/C359/C259iF/C259i with Fax & PDL 311,,10/27/2023,Certified,PP_HCD_V1.0,10/27/2025,,,
11378,Cigent,Cigent PBA Software v1.0.6,"Lightship Security USA, Inc.",10/24/2023,Certified,CPP_FDE_AA_V2.0E,10/24/2025,,,
11410,"Samsung Electronics Co., Ltd.","Samsung Electronics Co., Ltd. Samsung Galaxy Devices on Android 13 – Fall",Gossamer Security Solutions,10/23/2023,Certified,MOD_BT_V1.0 PKG_TLS_V1.1 MOD_WLANC_v1.0 MOD_VPNC_V2.4 PP_MDF_V3.3 MOD_CPP_BIO_V1.1,10/23/2025,,,
11404,ALE USA Inc,"Alcatel-Lucent Enterprise OmniSwitch series 6360, 6465, 6560, 6860, 6865, 6900, 9900 with AOS 8.9.R11",Gossamer Security Solutions,10/21/2023,Certified,CPP_ND_V2.2E,10/21/2025,,,
11402,"Palo Alto Networks, Inc.",Palo Alto Networks GlobalProtect App 6,Leidos Common Criteria Testing Laboratory,10/20/2023,Certified,PKG_TLS_V1.1 PP_APP_v1.4,10/20/2025,,,
,KYOCERA Document Solutions Inc.,"TASKalfa MZ4000i, TASKalfa MZ3200i Series with Hard Disk, FAX System and Data Security Kit",Combitech AB,10/19/2023,Certified,PP_HCD_V1.0,10/18/2025,,,
11371,Veeam Software Corporation,Veeam ONE v12,Leidos Common Criteria Testing Laboratory,08/18/2023,Certified,PP_APP_v1.4,08/11/2026,2025.08.11: Veeam ONE v12.3,,
11370,Veeam Software Corporation,Veeam Backup & Replication v12,Leidos Common Criteria Testing Laboratory,08/18/2023,Certified,PP_APP_v1.4,08/11/2026,2025.08.11: Veeam Backup & Replication v12.3.2,,
11368,"Tenable, Inc",Nessus 10.5.3,Leidos Common Criteria Testing Laboratory,07/07/2023,Certified,PKG_TLS_V1.1 PP_APP_v1.4,06/20/2026,2025.06.20: Nessus 10.5.8,,
11369,"Tenable, Inc",Nessus Network Monitor 6.2.2,Leidos Common Criteria Testing Laboratory,07/07/2023,Certified,PKG_TLS_V1.1 PP_APP_v1.4,05/08/2026,2025.05.08: Nessus Network Monitor 6.3.2,,
11323,Legrand DPC LLC d.b.a Raritan,Raritan Secure KVM Switch Series with CAC,Leidos Common Criteria Testing Laboratory,04/20/2023,Certified,PP_PSD_V4.0 MOD_AO_V1.0 MOD_UA_V1.0 MOD_KM_V1.0 MOD_VI_V1.0,04/20/2028,,,
11355,Curtiss-Wright Defense Solutions,Curtiss-Wright Defense Solutions Data Transport System 1-Slot Software Encryption Layer v3.01.00,Gossamer Security Solutions,04/04/2023,Certified,CPP_FDE_AA_V2.0E CPP_FDE_EE_V2.0E,03/20/2026,2025.03.20: Curtiss-Wright Defense Solutions Data Transport System 1-Slot Software Encryption Layer v3.02.00,,
11354,Curtiss-Wright Defense Solutions,Curtiss-Wright Defense Solutions Data Transport System 1-Slot Hardware Encryption Layer version 5.4,Gossamer Security Solutions,04/04/2023,Certified,CPP_FDE_AA_V2.0E CPP_FDE_EE_V2.0E,03/20/2026,2025.03.20: Curtiss-Wright Defense Solutions Data Transport System 1-Slot Hardware Encryption Layer version 5.5,,
11297,DIGISTOR,"DIGISTOR TCG OPAL SSC FIPS SSD Series, firmware version SCPG13.0/ECPG13.0/ECPM13.1","Lightship Security USA, Inc.",03/14/2023,Certified,CPP_FDE_EE_V2.0E,01/14/2026,"2025.01.14: DIGISTOR TCG OPAL SSC FIPS SSD Series, firmware version SCPG13.0/ECPG13.0/ECPM13.1",,
11336,"Varonis Systems, Inc.",Varonis Data Security Platform v8.6,Acumen Security,03/02/2023,Certified,PP_APP_v1.4,03/02/2026,2024.08.12: Varonis Data Security Platform v8.6.51,,
11304,"BAE Systems Information and Electronic Systems, Inc.",BAE Systems Secure KVM Gen2 8560943-2,Leidos Common Criteria Testing Laboratory,01/12/2023,Certified,PP_PSD_V4.0 MOD_KM_V1.0 MOD_VI_V1.0,01/12/2028,2024.10.29: BAE Systems Secure KVM Gen2 8560943-2,,
,High Security Labs Ltd.,"High Sec Labs SK41PHU-4, DK42PHU-4, SX42PHU-4, SX82PHU-4, SC42DHU-4, SC42PHU-4 Firmware Version 44444-E7E7 Peripheral Sharing Devices",EWA - Canada,12/20/2022,Certified,PP_PSD_V4.0 MOD_AO_V1.0 MOD_UA_V1.0 MOD_KM_V1.0 MOD_VI_V1.0,12/20/2027,,,
,Adder Technology Ltd,"Adder AVS-4228, AVS-42216, XDS441, XDS441FX Firmware Version 44404-E7E7 Peripheral Sharing Devices",EWA - Canada,12/07/2022,Certified,PP_PSD_V4.0 MOD_KM_V1.0 MOD_VI_V1.0,12/07/2027,"2023.08.16: Adder AVS-4228, AVS-42216 Firmware Version 44404-E7E7 Peripheral Sharing Devices",,
11288,Vertiv IT Systems,"Vertiv CYBEX™ SC845DPH, SC945DPH, SC845DPHC, SC945DPHC, SCM145DPH, SCM185DPH, SC985DPH, SCMV245DPH, SCMV285DPH Firmware Version 44444-E7E7 Peripheral Sharing Devices",Acumen Security,06/03/2022,Certified,PP_PSD_V4.0 MOD_AO_V1.0 MOD_UA_V1.0 MOD_KM_V1.0 MOD_VI_V1.0,06/03/2027,,,
,Adder Technology Ltd,"Adder AVS-4112, AVS-2112, AVS-4114, AVS-4214, AVS-2114, AVS-2214, AVS-4128, AVS-4124, AVS-1124, AVS-4224 Firmware Version 44404-E7E7 Peripheral Sharing Devices",EWA - Canada,04/20/2022,Certified,PP_PSD_V4.0 MOD_AO_V1.0 MOD_KM_V1.0 MOD_VI_V1.0,04/20/2027,,,
11224,IOGEAR,IOGEAR Secure KVM Switch Series (Non-CAC Models),Leidos Common Criteria Testing Laboratory,03/10/2022,Certified,PP_PSD_V4.0 MOD_AO_V1.0 MOD_KM_V1.0 MOD_VI_V1.0,03/10/2027,,,
11223,IOGEAR,IOGEAR Secure KVM Switch Series (CAC Models),Leidos Common Criteria Testing Laboratory,03/10/2022,Certified,PP_PSD_V4.0 MOD_AO_V1.0 MOD_UA_V1.0 MOD_KM_V1.0 MOD_VI_V1.0,03/10/2027,,,
11221,"ATEN International Co., Ltd.",ATEN Secure KVM Switch Series (CAC Models),Leidos Common Criteria Testing Laboratory,03/10/2022,Certified,PP_PSD_V4.0 MOD_AO_V1.0 MOD_UA_V1.0 MOD_KM_V1.0 MOD_VI_V1.0,03/10/2027,,,
11222,"ATEN International Co., Ltd.",ATEN Secure KVM Switch Series (Non-CAC Models),Leidos Common Criteria Testing Laboratory,03/10/2022,Certified,PP_PSD_V4.0 MOD_AO_V1.0 MOD_KM_V1.0 MOD_VI_V1.0,03/10/2027,,,
11254,Vertiv IT Systems,Vertiv CYBEX™ SCUSBHIDFILTER Firmware Version 40404-0E7 and Vertiv CYBEX™ SCKM140PP4 KM Switch Firmware Version 40404-0E7,Acumen Security,01/31/2022,Certified,PP_PSD_V4.0 MOD_KM_V1.0,01/31/2027,,,
,"Belkin International, Inc.","Belkin F1DN002MOD-KM-4, F1DN004MOD-KM-4 and F1DN-FLTR-HID-4 Firmware Version 40404-0E7 Peripheral Sharing Devices",EWA - Canada,01/24/2022,Certified,PP_PSD_V4.0 MOD_KM_V1.0,01/24/2027,,,
11240,"Black Box, Inc.",Black Box Secure KVM Switch/Isolator (CAC Models),Leidos Common Criteria Testing Laboratory,12/10/2021,Certified,PP_PSD_V4.0 MOD_AO_V1.0 MOD_UA_V1.0 MOD_KM_V1.0 MOD_VI_V1.0,12/10/2026,,,
11241,"Black Box, Inc.",Black Box Secure KVM Switch (Non-CAC Models),Leidos Common Criteria Testing Laboratory,12/10/2021,Certified,PP_PSD_V4.0 MOD_AO_V1.0 MOD_KM_V1.0 MOD_VI_V1.0,12/10/2026,,,
11242,"Black Box, Inc.",Black Box Secure KM Switch (CAC Models),Leidos Common Criteria Testing Laboratory,12/10/2021,Certified,PP_PSD_V4.0 MOD_AO_V1.0 MOD_UA_V1.0 MOD_KM_V1.0,12/10/2026,,,
11252,Vertiv IT Systems,"Vertiv CYBEX™ SC820DPH, SC840DPH, SC920DPH, SC940DPH, SC840DPHC, SC940DPHC, SC840DVI, SC940DVI Firmware Version 44404-E7E7 Peripheral Sharing Devices",Acumen Security,11/19/2021,Certified,PP_PSD_V4.0 MOD_AO_V1.0 MOD_KM_V1.0 MOD_VI_V1.0,11/19/2026,,,
11145,Vertiv IT Systems,Vertiv CYBEX™ SCMDR0001 Multi-Domain Smart Card Reader Firmware Version 40040-0E7,Acumen Security,10/22/2021,Certified,PP_PSD_V4.0 MOD_UA_V1.0,10/22/2026,,,
11193,"High Sec Labs, Inc.","SK41D-4TR KVM, Firmware Version 44404-E7E7",Acumen Security,09/15/2021,Certified,PP_PSD_V4.0 MOD_KM_V1.0 MOD_VI_V1.0,09/15/2026,,,
11169,"Sekuryx, Inc.",Sekuryx Secure KVM Switch (Non-CAC Models),Leidos Common Criteria Testing Laboratory,09/03/2021,Certified,PP_PSD_V4.0 MOD_AO_V1.0 MOD_KM_V1.0 MOD_VI_V1.0,09/03/2026,,,
11168,"Sekuryx, Inc.",Sekuryx Secure KVM Switch (CAC Models),Leidos Common Criteria Testing Laboratory,09/03/2021,Certified,PP_PSD_V4.0 MOD_AO_V1.0 MOD_UA_V1.0 MOD_KM_V1.0 MOD_VI_V1.0,09/03/2026,,,
11167,Trippe Manufacturing Company,Tripp Lite Secure KVM Switch (Non-CAC Models),Leidos Common Criteria Testing Laboratory,09/01/2021,Certified,PP_PSD_V4.0 MOD_AO_V1.0 MOD_KM_V1.0 MOD_VI_V1.0,09/01/2026,,,
11166,Trippe Manufacturing Company,Tripp Lite Secure KVM Switch (CAC Models),Leidos Common Criteria Testing Laboratory,09/01/2021,Certified,PP_PSD_V4.0 MOD_AO_V1.0 MOD_UA_V1.0 MOD_KM_V1.0 MOD_VI_V1.0,09/01/2026,,,
11122,Vertiv IT Systems,"Vertiv CYBEX™ SCMV2160DPH, SC840DVIE, SC940DVIE, SC840HE, SC940HE, SC840DPE, SC940DPE Firmware Version 44404-E7E7 Peripheral Sharing Devices",Acumen Security,08/27/2021,Certified,PP_PSD_V4.0 MOD_KM_V1.0 MOD_VI_V1.0,08/27/2026,"2022.01.25: Vertiv CYBEX™ SCMV2160DPH, SC840DVIE, SC940DVIE, SC840HE, SC940HE, SC840DPE, SC940DPE Firmware Version 44404-E7E7 Peripheral Sharing Devices",,
,"Belkin International, Inc.","Belkin F1DN102MOD-BA-4, F1DN202MOD-BA-4, F1DN104MOD-BA-4, F1DN204MOD-BA-4, F1DN108MOD-BA-4, F1DN208MOD-BA-4, F1DN102MOD-HH-4, F1DN102MOD-PP-4, F1DN102MOD-DD-4, F1DN202MOD-HH-4, F1DN202MOD-PP-4, F1DN202MOD-DD-4, F1DN104MOD-HH-4, F1DN104MOD-PP-4, F1DN108MOD-PP-4, F1DN104MOD-DD-4, F1DN204MOD-HH-4, F1DN204MOD-PP-4, F1DN208MOD-PP-4, F1DN204MOD-DD-4, F1DN104MOD-XX-4, F1DN204MOD-XX-4 Firmware Version 44404-E7E7 Peripheral Sharing Devices",EWA - Canada,07/11/2021,Certified,PP_PSD_V4.0 MOD_KM_V1.0 MOD_VI_V1.0,07/11/2026,,,
11134,"IPGARD, Inc.",IPGARD Secure KVM Switch (Non-CAC Models),Leidos Common Criteria Testing Laboratory,07/09/2021,Certified,PP_PSD_V4.0 MOD_AO_V1.0 MOD_KM_V1.0 MOD_VI_V1.0,07/09/2026,,,
11133,"IPGARD, Inc.",IPGARD Secure KVM Switch/Isolator (CAC Models),Leidos Common Criteria Testing Laboratory,07/09/2021,Certified,PP_PSD_V4.0 MOD_AO_V1.0 MOD_UA_V1.0 MOD_KM_V1.0 MOD_VI_V1.0,07/09/2026,,,
11135,"IPGARD, Inc.",IPGARD Secure KM Switches (CAC Models),Leidos Common Criteria Testing Laboratory,07/09/2021,Certified,PP_PSD_V4.0 MOD_AO_V1.0 MOD_UA_V1.0 MOD_KM_V1.0,07/09/2026,,,
,"Belkin International, Inc.","Belkin F1DN104KVM-UNN4, F1DN204KVM-UNN4, F1DN102KVM-UNN4, F1DN202KVM-UNN4 Firmware Version 44404-E7E7 Peripheral Sharing Devices",EWA - Canada,07/08/2021,Certified,PP_PSD_V4.0 MOD_AO_V1.0 MOD_KM_V1.0 MOD_VI_V1.0,07/08/2026,"2023.04.11: Belkin F1DN104KVM-UNN4, F1DN204KVM-UNN4, F1DN102KVM-UNN4, F1DN202KVM-UNN4, F1DN104KVM-HA-4, F1DN204KVM-HA-4, F1DN102KVM-HA-4, F1DN202KVM-HA-4 Firmware Version 44404-E7E7 Peripheral Sharing Devices",,
,"Belkin International, Inc.","Belkin F1DN104KVM-UN-4, F1DN204KVM-UN-4, F1DN102KVM-UN-4, F1DN202KVM-UN-4, F1DN108KVM-UN-4, F1DN208KVM-UN-4, F1DN116KVM-UN-4 Firmware Version 44444-E7E7 Peripheral Sharing Devices",EWA - Canada,04/29/2021,Certified,PP_PSD_V4.0 MOD_AO_V1.0 MOD_UA_V1.0 MOD_KM_V1.0 MOD_VI_V1.0,04/29/2026,,,
